URL,Title,Sentence
https://zh.wikipedia.org/zh-tw/%E4%BA%A4%E6%84%9F%E7%A5%9E%E7%BB%8F,交感神經- 維基百科，自由的百科全書 - Wikipedia,交感神經-維基百科，自由的百科全書
https://zh.wikipedia.org/zh-tw/%E4%BA%A4%E6%84%9F%E7%A5%9E%E7%BB%8F,交感神經- 維基百科，自由的百科全書 - Wikipedia,交感神經
https://zh.wikipedia.org/zh-tw/%E4%BA%A4%E6%84%9F%E7%A5%9E%E7%BB%8F,交感神經- 維基百科，自由的百科全書 - Wikipedia,交感神經自主神經系統，紅色部分為交感神經，藍色部分為副交感神經。
https://zh.wikipedia.org/zh-tw/%E4%BA%A4%E6%84%9F%E7%A5%9E%E7%BB%8F,交感神經- 維基百科，自由的百科全書 - Wikipedia,交感神經（拉丁語：Sympathicus；英語：sympatheticnervoussystem(SNS)）和副交感神經共同組成自主神經系統。
https://zh.wikipedia.org/zh-tw/%E4%BA%A4%E6%84%9F%E7%A5%9E%E7%BB%8F,交感神經- 維基百科，自由的百科全書 - Wikipedia,交感神經一般控制與興奮相關的行為，即戰鬥或逃跑反應[3]。
https://zh.wikipedia.org/zh-tw/%E4%BA%A4%E6%84%9F%E7%A5%9E%E7%BB%8F,交感神經- 維基百科，自由的百科全書 - Wikipedia,交感神經系統的傳出神經可分為節前神經元與節後神經元，節前神經元的起點分布於脊椎的T1至L2-L3之間。
https://zh.wikipedia.org/zh-tw/%E4%BA%A4%E6%84%9F%E7%A5%9E%E7%BB%8F,交感神經- 維基百科，自由的百科全書 - Wikipedia,交感神經系統的節前神經元較短，通向椎旁神經節（英語：Paravertebralganglia）或椎前神經節（英語：Prevertebralganglia）。
https://zh.wikipedia.org/zh-tw/%E4%BA%A4%E6%84%9F%E7%A5%9E%E7%BB%8F,交感神經- 維基百科，自由的百科全書 - Wikipedia,一些交感神經纖維沒有換元就離開交感神經鏈，到達主動脈的椎前神經節，或者到達受支配器官的器官旁神經節。
https://zh.wikipedia.org/zh-tw/%E4%BA%A4%E6%84%9F%E7%A5%9E%E7%BB%8F,交感神經- 維基百科，自由的百科全書 - Wikipedia,交感神經的一個特點是具有副神經節，最好的例子就是腎上腺髓部。
https://zh.wikipedia.org/zh-tw/%E4%BA%A4%E6%84%9F%E7%A5%9E%E7%BB%8F,交感神經- 維基百科，自由的百科全書 - Wikipedia,副交感神經系統活動主要在放鬆和恢復時期，這時心率減慢，呼吸變淺，汗腺活動減少，瞳孔縮小，血糖降低，皮膚和內臟血流增加。
https://zh.wikipedia.org/zh-tw/%E4%BA%A4%E6%84%9F%E7%A5%9E%E7%BB%8F,交感神經- 維基百科，自由的百科全書 - Wikipedia,交感神經的功能可被3FS所概括，分別為：
https://zh.wikipedia.org/zh-tw/%E4%BA%A4%E6%84%9F%E7%A5%9E%E7%BB%8F,交感神經- 維基百科，自由的百科全書 - Wikipedia,在4E狀態下會刺激交感神經：
https://zh.wikipedia.org/zh-tw/%E4%BA%A4%E6%84%9F%E7%A5%9E%E7%BB%8F,交感神經- 維基百科，自由的百科全書 - Wikipedia,交感神經主要作用於平滑肌和腺細胞。
https://zh.wikipedia.org/zh-tw/%E4%BA%A4%E6%84%9F%E7%A5%9E%E7%BB%8F,交感神經- 維基百科，自由的百科全書 - Wikipedia,交感神經興奮會抑制腺分泌、豎毛肌收縮、瞳孔放射肌收縮（瞳孔放大）、睫狀肌放鬆（使水晶體變得扁平，而可以看遠處）、刺激竇房結（心跳加快）、房室結（加快心臟電訊傳輸）、增強心臟收縮力、大部分動脈平滑肌收縮、到骨骼肌的動脈平滑肌放鬆、支氣管平滑肌放鬆（支氣管擴張）、抑制支氣管腺體分泌、消化道蠕動下降、抑制消化道腺體分泌、消化道括約肌收縮、消化道壁平滑肌放鬆、抑制胰臟外分泌腺分泌、抑制胰臟外分泌腺內分泌、腎素分泌、腎上腺素和去甲基腎上腺素分泌、膀胱壁放鬆、逼尿肌放鬆、射精、子宮（未懷孕）放鬆、刺激糖解作用、糖質新生和脂肪分解。
https://zh.wikipedia.org/zh-tw/%E4%BA%A4%E6%84%9F%E7%A5%9E%E7%BB%8F,交感神經- 維基百科，自由的百科全書 - Wikipedia,交感神經節(Sympatheticganglion)
https://zh.wikipedia.org/zh-tw/%E4%BA%A4%E6%84%9F%E7%A5%9E%E7%BB%8F,交感神經- 維基百科，自由的百科全書 - Wikipedia,交感神經
https://zh.wikipedia.org/zh-tw/%E4%BA%A4%E6%84%9F%E7%A5%9E%E7%BB%8F,交感神經- 維基百科，自由的百科全書 - Wikipedia,副交感神經
https://zh.wikipedia.org/zh-tw/%E4%BA%A4%E6%84%9F%E7%A5%9E%E7%BB%8F,交感神經- 維基百科，自由的百科全書 - Wikipedia,分類：自主神經系統交感神經系統隱藏分類：使用過時參數的醫學信息模板含有拉丁語的條目含有英語的條目有藍鏈卻未移除內部連結助手模板的頁面包含NDL標識符的維基百科條目
https://www.kingnet.com.tw/knNew/news/single-article.html?newId=17164,什麼是「交感神經」與「副交感神經」？ - KingNet 國家網路醫藥,什麼是「交感神經」與「副交感神經」？|
https://www.kingnet.com.tw/knNew/news/single-article.html?newId=17164,什麼是「交感神經」與「副交感神經」？ - KingNet 國家網路醫藥,什麼是「交感神經」與「副交感神經」？
https://www.kingnet.com.tw/knNew/news/single-article.html?newId=17164,什麼是「交感神經」與「副交感神經」？ - KingNet 國家網路醫藥,自律神經分為「交感神經」與「副交感神經」。
https://www.kingnet.com.tw/knNew/news/single-article.html?newId=17164,什麼是「交感神經」與「副交感神經」？ - KingNet 國家網路醫藥,交感神經是促進性的，當我們感受壓力、危險時，身體就會啟動相關必要的機能，例如：心跳加速、血壓上升、呼吸變快、體溫增高，讓人體保持警覺、提高專注力，達到可以積極應變的狀態。
https://www.kingnet.com.tw/knNew/news/single-article.html?newId=17164,什麼是「交感神經」與「副交感神經」？ - KingNet 國家網路醫藥,副交感神經是抑制性的，負責讓人體鬆弛休息、保存體力、促進消化、睡眠啟動等。
https://www.kingnet.com.tw/knNew/news/single-article.html?newId=17164,什麼是「交感神經」與「副交感神經」？ - KingNet 國家網路醫藥,可以簡單形容比擬，交感神經像是汽車的油門、副交感神經就像煞車，兩者作用相反但又相輔相成，當油門與煞車可以正常運作，車子開得動也停得穩，才能安全適切地發揮完整的功能；所以人體自律神經的作用，也需要兩個系統正常拮抗調節，否則就會導致所謂的「自律神經失調」。
https://www.kingnet.com.tw/knNew/news/single-article.html?newId=17164,什麼是「交感神經」與「副交感神經」？ - KingNet 國家網路醫藥,一旦發生自律神經失調，臨床的症狀表現，就看這兩者誰強誰弱，如果是交感神經過強，就會出現焦慮緊繃、心跳很快、血壓升高；如果是副交感太強，就容易覺得疲憊懶散、精神不濟、體力下降。
https://www.kingnet.com.tw/knNew/news/single-article.html?newId=17164,什麼是「交感神經」與「副交感神經」？ - KingNet 國家網路醫藥,自律神經失調的症狀是全身性的，不一定作用在交感神經或副交感神經；以睡眠為例：睡眠品質由大腦控制左右，但睡眠的啟動，則要靠自律神經正常調節，因為交感是促進，副交感為抑制，所以當交感神經減弱、副交感增強時，才能進入睡眠；睡醒時，則是交感上昇，副交感下降。
https://www.kingnet.com.tw/knNew/news/single-article.html?newId=17164,什麼是「交感神經」與「副交感神經」？ - KingNet 國家網路醫藥,現代人承受許多壓力的情況下，會讓體內可體松（皮脂類固醇）分泌增加，提高交感神經的興奮度，當我們應該休息睡覺時，交感神經仍然亢奮作用，副交感就無法運作啟動睡眠，所以會睡不著。
https://www.kingnet.com.tw/knNew/news/single-article.html?newId=17164,什麼是「交感神經」與「副交感神經」？ - KingNet 國家網路醫藥,而有些憂鬱症患者則是剛開始能入睡，但睡眠中交感神經仍然持續運作，整個自律神經無法適當調節，人體無法放鬆、休息，也會產生半夜心悸、早醒的症狀。
https://www.kingnet.com.tw/knNew/news/single-article.html?newId=17164,什麼是「交感神經」與「副交感神經」？ - KingNet 國家網路醫藥,交感神經
https://www.kingnet.com.tw/knNew/news/single-article.html?newId=17164,什麼是「交感神經」與「副交感神經」？ - KingNet 國家網路醫藥,副交感神經
https://www.commonhealth.com.tw/article/article.action?nid=66835,調好自律神經7件事學會慢慢生活- 康健雜誌,他指出，現代人的自律神經失調多半是交感神經過度亢奮，「慢」能提升稍顯低下的副交感神經，讓自律神經傾斜的天秤恢復平衡。
https://www.commonhealth.com.tw/article/article.action?nid=66835,調好自律神經7件事學會慢慢生活- 康健雜誌,1.腹式呼吸啟動副交感神經，安定身心
https://www.commonhealth.com.tw/article/article.action?nid=66835,調好自律神經7件事學會慢慢生活- 康健雜誌,吸氣時交感神經較活絡；呼氣時換副交感神經佔優勢。
https://www.commonhealth.com.tw/article/article.action?nid=66835,調好自律神經7件事學會慢慢生活- 康健雜誌,這樣可以啟動副交感神經，讓心跳和緩下來，人得以放鬆。
https://www.commonhealth.com.tw/article/article.action?nid=66835,調好自律神經7件事學會慢慢生活- 康健雜誌,因為運動量過大（如快跑），會造成呼吸淺而快，拉高交感神經的作用，副交感神經的作用下降，「這樣不但不能維持健康，甚至還可能加速老化，」而且呼吸短淺會讓末梢血液流動下降，代表氧氣及營養難以送到末梢神經及細胞，細胞便難以發揮功能。
https://www.commonhealth.com.tw/article/article.action?nid=66835,調好自律神經7件事學會慢慢生活- 康健雜誌,反觀健走並不會讓人喘不過氣，還可邊走邊深呼吸，讓副交感神經活絡，並把氧氣和營養運送到每個細胞。
https://www.commonhealth.com.tw/article/article.action?nid=66835,調好自律神經7件事學會慢慢生活- 康健雜誌,長庚醫院腦神經外科教授張承能說，夜間本來是副交感神經發揮的時間，人自然想休息，硬是熬夜不睡、保持清醒，等於刺激交感神經繼續運作，副交感神經無從發揮，久而久之不但自律神經失調，其他的健康紅燈也一一亮起。
https://www.commonhealth.com.tw/article/article.action?nid=66835,調好自律神經7件事學會慢慢生活- 康健雜誌,比如薄荷、洋蔥、辣椒可刺激自律神經，如果希望自己有精神，不妨聞這些味道；反之如果想放鬆，就用薰衣草等柔和的香氣，讓副交感神經活躍一些。
https://www.commonhealth.com.tw/article/article.action?nid=66835,調好自律神經7件事學會慢慢生活- 康健雜誌,吳立偉說，情緒過於高亢（緊張、不安、興奮等）或過於低落（悲傷、沮喪、失望、鬱悶等），都會阻礙交感與副交感神經正常運作，引發失調。
https://www.commonhealth.com.tw/article/article.action?nid=66835,調好自律神經7件事學會慢慢生活- 康健雜誌,交感神經
https://thebetteraging.businesstoday.com.tw/article/detail/202004240011/%E5%A4%B1%E7%9C%A0%E5%A4%9A%E5%A4%A2%E3%80%81%E8%A8%98%E6%86%B6%E4%B8%8B%E9%99%8D%EF%BC%8C%E5%8E%9F%E4%BE%86%E6%98%AF%E8%87%AA%E5%BE%8B%E7%A5%9E%E7%B6%93%E5%A4%B1%E8%AA%BF%EF%BC%9F%E9%86%AB%E5%B8%AB%E5%85%AC%E5%B8%8310%E5%A4%A7%E7%97%87%E7%8B%80%E3%80%811%E9%A0%85%E6%AA%A2%E6%B8%AC%E5%B7%A5%E5%85%B7,失眠多夢、記憶下降，原來是自律神經失調？醫師公布10大症狀 ...,所謂「自律神經」指的是調節人體各部位自主功能的「交感神經系統」與「副交感神經系統」。
https://thebetteraging.businesstoday.com.tw/article/detail/202004240011/%E5%A4%B1%E7%9C%A0%E5%A4%9A%E5%A4%A2%E3%80%81%E8%A8%98%E6%86%B6%E4%B8%8B%E9%99%8D%EF%BC%8C%E5%8E%9F%E4%BE%86%E6%98%AF%E8%87%AA%E5%BE%8B%E7%A5%9E%E7%B6%93%E5%A4%B1%E8%AA%BF%EF%BC%9F%E9%86%AB%E5%B8%AB%E5%85%AC%E5%B8%8310%E5%A4%A7%E7%97%87%E7%8B%80%E3%80%811%E9%A0%85%E6%AA%A2%E6%B8%AC%E5%B7%A5%E5%85%B7,失眠多夢、記憶下降，原來是自律神經失調？醫師公布10大症狀 ...,「交感神經系統」能讓人們在處於緊張、興奮時，心跳、呼吸變快，腸胃消化減慢，以應付緊急情況；相反的，「副交感神經系統」能使心跳、呼吸減緩，促進腸胃蠕動與消化，讓人們能在平靜時呈現放鬆反應，而能適時休息。
https://wwwv.tsgh.ndmctsgh.edu.tw/Unit/10058/17027,自律神經失調-精神醫學部-三軍總醫院- Tri-Service General ...,自律神經失調衛教交感神經系統（SNS）負責使心跳加快、呼吸急促、腸胃消化變慢、與增加肌肉張力等功能，使人處在焦慮繃緊的狀態，用以應付緊急的情況；相反地，副交感神經系統（PNS）的作用則能使心跳放慢、呼吸減緩、促進腸胃消化、與減弱肌肉張力，使人體呈現放鬆的反應。
https://wwwv.tsgh.ndmctsgh.edu.tw/Unit/10058/17027,自律神經失調-精神醫學部-三軍總醫院- Tri-Service General ...,在健康人中，交感與副交感神經系統相互拮抗作用而達一平衡的狀態。
https://wwwv.tsgh.ndmctsgh.edu.tw/Unit/10058/17027,自律神經失調-精神醫學部-三軍總醫院- Tri-Service General ...,可想而知，如果副交感神經活性受到不當抑制或交感神經過度活化，便會產生自律神經失調，可能導致頭痛、頭暈、恐慌、胸悶、心悸、呼吸急促、冒汗、手腳發抖、肩頸肌肉酸緊、腸胃道不適、手腳發麻、睡眠障礙等症狀（通常個案會做了相當多的臨床檢查，但報告卻大都正常）。
https://wwwv.tsgh.ndmctsgh.edu.tw/Unit/10058/17027,自律神經失調-精神醫學部-三軍總醫院- Tri-Service General ...,我們和國內、外多數的研究發現嚴重型憂鬱症、焦慮症（恐慌症、廣泛性焦慮症、與創傷後壓力症候群）等精神疾患，和正常人比較會呈現出神經活性指標降低（特別是副交感神經活性低下）或交感神經過度活化的自律神經功能失調色彩（見下圖）。
https://www.tanss.org.tw/qa/,什麼是自律神經失調？ A：交感神經與副交感神經無法因應身體 ...,什麼是自律神經失調？A：交感神經與副交感神經無法因應身體狀況相互調節，就是自律神經失調。
https://www.tanss.org.tw/qa/,什麼是自律神經失調？ A：交感神經與副交感神經無法因應身體 ...,A：交感神經與副交感神經無法因應身體狀況相互調節，就是失調。
https://www.tanss.org.tw/qa/,什麼是自律神經失調？ A：交感神經與副交感神經無法因應身體 ...,自律神經的組成有「交感神經」與「副交感神經」，兩者作用通常是相反的，會配合身體狀況自動相互調節，例如交感神經促進血管收縮，副交感神經促使血管舒張。
https://www.tanss.org.tw/qa/,什麼是自律神經失調？ A：交感神經與副交感神經無法因應身體 ...,就特性來說，交感神經類似加油，副交感神經類似煞車。
https://www.tanss.org.tw/qa/,什麼是自律神經失調？ A：交感神經與副交感神經無法因應身體 ...,自律神經是一套很奇妙的系統，雖然不受大腦控制，但卻很容易受到大腦作用的影響，例如緊張的時候，交感神經會亢奮；不安或憤怒的時候，交感神經和副交感神經會不規律亢奮；悲傷或情緒低落時，交感神經與副交感神經作用都會受到抑制。
https://www.qchicken.com.tw/Health/NutritionContent/321,變「快樂」，從搞定自律神經開始 - 田原香健康網,關於自律神經，其實是由我們人體裡的「交感神經」和「副交感神經」兩個角色組成。
https://www.qchicken.com.tw/Health/NutritionContent/321,變「快樂」，從搞定自律神經開始 - 田原香健康網,其中，「交感神經」就像是油門一樣，能夠使肌肉變得緊繃、心跳加快、精神處於亢奮狀態，讓人充滿精神與活力，以應付外在的危難與壓力；而「副交感神經」則像是剎車，可以讓肌肉放鬆、血管擴張，進而平定心神，讓身體處於放鬆狀態，幫助進入睡眠。
https://www.qchicken.com.tw/Health/NutritionContent/321,變「快樂」，從搞定自律神經開始 - 田原香健康網,在白天活躍、幫助人們面對各種活動與挑戰的交感神經，會調動一種名為「顆粒球」的細胞，幫助人們戒備入侵身體的病菌；而到了晚上，由副交感神經負責接棒，就會開始增加「淋巴球」的數量，協助處理早上「顆粒球」無法排除的較小分子。
https://www.qchicken.com.tw/Health/NutritionContent/321,變「快樂」，從搞定自律神經開始 - 田原香健康網,要是交感神經過於活躍興奮，便會抑制副交感神經，讓淋巴球數量減少。
https://www.qchicken.com.tw/Health/NutritionContent/321,變「快樂」，從搞定自律神經開始 - 田原香健康網,而更糟的是，除了免疫力下降，遭到破壞的自律神經還會接連影響到副交感神經。
https://www.qchicken.com.tw/Health/NutritionContent/321,變「快樂」，從搞定自律神經開始 - 田原香健康網,受到刺激導致過度興奮的副交感神經，會不斷促使淋巴球增生，造成把原本對身體無害的東西，像是某種特定食物、花粉、灰塵、動物皮毛等都當作敵人，進而啟動一連串的防禦反應，也就是我們所說的「過敏」。
https://www.qchicken.com.tw/Health/NutritionContent/321,變「快樂」，從搞定自律神經開始 - 田原香健康網,討好交感神經，給他「快樂營養素」！
https://www.qchicken.com.tw/Health/NutritionContent/321,變「快樂」，從搞定自律神經開始 - 田原香健康網,以一天30分鐘、一周至少三至五次的頻率健走、慢跑、或是有氧運動，達到呼吸會稍微喘、並略加流汗的狀態，長期下來對調節交感神經有穩定的幫助。
https://www.qchicken.com.tw/Health/NutritionContent/321,變「快樂」，從搞定自律神經開始 - 田原香健康網,吸氣時，交感神經會比較活絡，而呼氣時則換成副交感神經佔上風。
https://www.qchicken.com.tw/Health/NutritionContent/321,變「快樂」，從搞定自律神經開始 - 田原香健康網,熬夜與失眠是自律神經的大敵，熬夜會使得交感神經逼不得已得持續運作，讓副交感神經無從接棒，久了便會導致自律神經失調。
https://heho.com.tw/archives/73302,自律神經失調就是疲勞的關鍵！跟著醫師做3招，找回身體健康 ...,雖然自律神經分為交感、副交感神經，但我們一般說的自律神經失調都是指「交感神經失調」，因為交感神經就像是「油門」，副交感神經像是「煞車」，失控的通常都是油門。
https://heho.com.tw/archives/73302,自律神經失調就是疲勞的關鍵！跟著醫師做3招，找回身體健康 ...,」用這3招重新「啟動」副交感神經！一、運動，讓身體累到一定程度，但不要過度勞累梁恆彰說，很多人是已經失調一陣子，神經無法放鬆，即使在放假休息，大腦還是不斷運轉，這時候可以採用「運動」的方式，因為運動之後身體會累，等於強迫啟動副交感神經；但是也不能太累，身體會因為過勞而分泌過多的亢奮激素，刺激交感神經，反而造成反效果。
http://www.ch.com.tw/index.aspx?sv=ch_fitness&chapter=ABD010101,如何穩定自律神經預防自律神經失調 - 啟新健康世界-專業健康 ...,過度的緊張、不安、興奮，會讓交感神經與副交感神經不規則地亢奮，引發自律神經失調。
http://www.ch.com.tw/index.aspx?sv=ch_fitness&chapter=ABD010101,如何穩定自律神經預防自律神經失調 - 啟新健康世界-專業健康 ...,悲傷、沮喪、失望、鬱卒，會阻礙交感神經與副交感神經的正常運作，引發自律神經失調。
http://www.ch.com.tw/index.aspx?sv=ch_fitness&chapter=ABD010101,如何穩定自律神經預防自律神經失調 - 啟新健康世界-專業健康 ...,當人在平靜、放鬆狀態中，交感神經與副交感神經會處於平衡狀態中。
http://www.ch.com.tw/index.aspx?sv=ch_fitness&chapter=ABD010101,如何穩定自律神經預防自律神經失調 - 啟新健康世界-專業健康 ...,大哭大叫或大發雷霆會增加交感神經亢奮。
http://www.ch.com.tw/index.aspx?sv=ch_fitness&chapter=ABD010101,如何穩定自律神經預防自律神經失調 - 啟新健康世界-專業健康 ...,「日出而作、日落而息」，白天的交感神經活絡，晚上則交由副交感神經，若日夜顛倒，容易造成自律神經失調。
http://www.ch.com.tw/index.aspx?sv=ch_fitness&chapter=ABD010101,如何穩定自律神經預防自律神經失調 - 啟新健康世界-專業健康 ...,夏天為了應付體溫高，讓身體多休息，人體的副交感神經較活絡。
http://www.ch.com.tw/index.aspx?sv=ch_fitness&chapter=ABD010101,如何穩定自律神經預防自律神經失調 - 啟新健康世界-專業健康 ...,冬天為了不讓體溫流失，換成交感神經系統活絡。
http://www.ch.com.tw/index.aspx?sv=ch_fitness&chapter=ABD010101,如何穩定自律神經預防自律神經失調 - 啟新健康世界-專業健康 ...,然而現代人長期依賴空調，身體調節體溫的功能逐漸減弱，自律神經就容易失調，所以儘量不要依賴冷暖氣，才能讓交感神經正常運作。
http://www.ch.com.tw/index.aspx?sv=ch_fitness&chapter=ABD010101,如何穩定自律神經預防自律神經失調 - 啟新健康世界-專業健康 ...,工作時交感神經活絡，休息時副交感神經活絡，若常加班、不停工作，交感神經就會過旺。
http://www.ch.com.tw/index.aspx?sv=ch_fitness&chapter=ABD010101,如何穩定自律神經預防自律神經失調 - 啟新健康世界-專業健康 ...,自律神經在人一生也有天生變化，幼兒期是副交感神經，青壯期為了打拼換成交感神經，到了老年期又恢復為副交感神經。
http://www.ch.com.tw/index.aspx?sv=ch_fitness&chapter=ABD010101,如何穩定自律神經預防自律神經失調 - 啟新健康世界-專業健康 ...,自律神經與人體的免疫系統相輔相成，免疫系統中的粒細胞與交感神經有關，淋巴球與副交感神經有關。
http://www.ch.com.tw/index.aspx?sv=ch_fitness&chapter=ABD010101,如何穩定自律神經預防自律神經失調 - 啟新健康世界-專業健康 ...,呼吸是少數能被人所控制的自律神經節律，吸氣時能刺激交感神經的活絡，吐氣時則刺激副交感神經的活絡。
https://www.joiiup.com/knowledge/content/1196,【揪健康辭典】自律神經系統：交感&副交感神經 - JoiiCare ...,【揪健康辭典】自律神經系統：交感&副交感神經-揪健康辭典-Joiiup
https://www.joiiup.com/knowledge/content/1196,【揪健康辭典】自律神經系統：交感&副交感神經 - JoiiCare ...,【揪健康辭典】自律神經系統：交感&副交感神經
https://www.joiiup.com/knowledge/content/1196,【揪健康辭典】自律神經系統：交感&副交感神經 - JoiiCare ...,【揪健康辭典】自律神經系統：交感&副交感神經
https://www.joiiup.com/knowledge/content/1196,【揪健康辭典】自律神經系統：交感&副交感神經 - JoiiCare ...,交感神經
https://www.joiiup.com/knowledge/content/1196,【揪健康辭典】自律神經系統：交感&副交感神經 - JoiiCare ...,副交感神經
https://www.joiiup.com/knowledge/content/1196,【揪健康辭典】自律神經系統：交感&副交感神經 - JoiiCare ...,其中自律神經（也稱自主神經）分為「交感神經」與「副交感神經」，兩者互相拮抗以平衡、協調我們的器官運作。
https://www.joiiup.com/knowledge/content/1196,【揪健康辭典】自律神經系統：交感&副交感神經 - JoiiCare ...,「交感神經」促進我們的心跳加速、血壓上升、呼吸變快、體溫升高、抑制睡眠；相反地，「副交感神經」則讓我們心跳變緩、血壓下降、呼吸變緩、體溫降低以及啟動睡眠。
https://www.joiiup.com/knowledge/content/1196,【揪健康辭典】自律神經系統：交感&副交感神經 - JoiiCare ...,在正常的情況下，交感與副交感神經前後發揮作用，舉例來說，交感神經促使心跳加速一小段時間後，副交感神經接著作用使心跳減緩，讓心臟能獲得休息。
https://www.joiiup.com/knowledge/content/1196,【揪健康辭典】自律神經系統：交感&副交感神經 - JoiiCare ...,交感神經與副交感神經作用表
https://www.epochtimes.com/b5/20/5/29/n12147119.htm,自律神經是什麼？一圖看懂自律神經作用| 交感神經| 副交感神經 ...,交感神經|
https://www.epochtimes.com/b5/20/5/29/n12147119.htm,自律神經是什麼？一圖看懂自律神經作用| 交感神經| 副交感神經 ...,副交感神經|
https://www.epochtimes.com/b5/20/5/29/n12147119.htm,自律神經是什麼？一圖看懂自律神經作用| 交感神經| 副交感神經 ...,"自律神經,交感神經,副交感神經,緊張,放鬆,自律神經失調"
https://www.epochtimes.com/b5/20/5/29/n12147119.htm,自律神經是什麼？一圖看懂自律神經作用| 交感神經| 副交感神經 ...,自律神經可以分成交感神經與副交感神經兩大類，兩者功能正好相反。
https://www.epochtimes.com/b5/20/5/29/n12147119.htm,自律神經是什麼？一圖看懂自律神經作用| 交感神經| 副交感神經 ...,自律神經可以分成交感神經與副交感神經兩大類，兩者功能正好相反。
https://www.epochtimes.com/b5/20/5/29/n12147119.htm,自律神經是什麼？一圖看懂自律神經作用| 交感神經| 副交感神經 ...,交感神經的工作是促進身體的活動。
https://www.epochtimes.com/b5/20/5/29/n12147119.htm,自律神經是什麼？一圖看懂自律神經作用| 交感神經| 副交感神經 ...,受驚嚇時，交感神經會興奮，瞳孔張開，心跳與血壓上升，呼吸加快，血液會大量流入骨骼肌，讓我們能夠迅速逃離，消化管與皮膚的血液流量則會減少。
https://www.epochtimes.com/b5/20/5/29/n12147119.htm,自律神經是什麼？一圖看懂自律神經作用| 交感神經| 副交感神經 ...,總上所述，交感神經興奮時，會讓身體進入緊張狀態。
https://www.epochtimes.com/b5/20/5/29/n12147119.htm,自律神經是什麼？一圖看懂自律神經作用| 交感神經| 副交感神經 ...,相反的，副交感神經的工作則是讓身體休息。
https://www.epochtimes.com/b5/20/5/29/n12147119.htm,自律神經是什麼？一圖看懂自律神經作用| 交感神經| 副交感神經 ...,進食時，副交感神經會興奮，促進消化道運動，使血液流入腸胃，並促進唾液等消化液分泌。
https://www.epochtimes.com/b5/20/5/29/n12147119.htm,自律神經是什麼？一圖看懂自律神經作用| 交感神經| 副交感神經 ...,也就是說，副交感神經興奮時，會讓身體進入放鬆狀態。
http://doctor.get.com.tw/m/Journal/detail.aspx?no=402391,解剖學-內臟神經系統概念-高點醫護網,交感神經和副交感神經功能比較
http://doctor.get.com.tw/m/Journal/detail.aspx?no=402391,解剖學-內臟神經系統概念-高點醫護網,必須注意的，腎上腺髓質是交感神經系統的延伸，在緊急狀況時神經末梢會釋放NE與E，比例約1：4。
http://doctor.get.com.tw/m/Journal/detail.aspx?no=402391,解剖學-內臟神經系統概念-高點醫護網,交感神經
http://doctor.get.com.tw/m/Journal/detail.aspx?no=402391,解剖學-內臟神經系統概念-高點醫護網,副交感神經
http://doctor.get.com.tw/m/Journal/detail.aspx?no=402391,解剖學-內臟神經系統概念-高點醫護網,周圍部交感神經節的位置
http://doctor.get.com.tw/m/Journal/detail.aspx?no=402391,解剖學-內臟神經系統概念-高點醫護網,局限(且大部分血管、汗腺、豎毛肌、腎上腺髓質均無副交感神經支配)
http://doctor.get.com.tw/m/Journal/detail.aspx?no=402391,解剖學-內臟神經系統概念-高點醫護網,交感神經
http://doctor.get.com.tw/m/Journal/detail.aspx?no=402391,解剖學-內臟神經系統概念-高點醫護網,2.下列何者不是副交感神經（parasympatheticnerve）之主要作用？<99-2-25>
http://doctor.get.com.tw/m/Journal/detail.aspx?no=402391,解剖學-內臟神經系統概念-高點醫護網,內臟神經系統、內臟神經、交感神經、副交感神經、基礎醫學教室
https://www.ihealth.com.tw/article/%E8%87%AA%E5%BE%8B%E7%A5%9E%E7%B6%93%E5%A4%B1%E8%AA%BF/,自律神經失調兩大原因，學習呼吸方法改善| iHealth,自律神經包含「交感神經」和「副交感神經」，兩者會互相抗衡，當交感神經活躍時，副交感神經就會低下。
https://www.ihealth.com.tw/article/%E8%87%AA%E5%BE%8B%E7%A5%9E%E7%B6%93%E5%A4%B1%E8%AA%BF/,自律神經失調兩大原因，學習呼吸方法改善| iHealth,舉例來說，人體就像是一台汽車，交感神經的作用像是油門，負責推進、加速；副交感神經則像是煞車，讓車子能夠適時緩衝、停下休息。
https://www.ihealth.com.tw/article/%E8%87%AA%E5%BE%8B%E7%A5%9E%E7%B6%93%E5%A4%B1%E8%AA%BF/,自律神經失調兩大原因，學習呼吸方法改善| iHealth,交感神經：受到外界刺激或面臨壓力時，交感神經會讓器官進入備戰狀態，產生血壓上升、心跳加快、流汗增加等生理現象。
https://www.ihealth.com.tw/article/%E8%87%AA%E5%BE%8B%E7%A5%9E%E7%B6%93%E5%A4%B1%E8%AA%BF/,自律神經失調兩大原因，學習呼吸方法改善| iHealth,副交感神經：當刺激或壓力過後，副交感神經則扮演督促休息的角色，使心跳減慢、流汗減少，讓身體趨於平靜。
https://www.ihealth.com.tw/article/%E8%87%AA%E5%BE%8B%E7%A5%9E%E7%B6%93%E5%A4%B1%E8%AA%BF/,自律神經失調兩大原因，學習呼吸方法改善| iHealth,交感神經
https://www.ihealth.com.tw/article/%E8%87%AA%E5%BE%8B%E7%A5%9E%E7%B6%93%E5%A4%B1%E8%AA%BF/,自律神經失調兩大原因，學習呼吸方法改善| iHealth,副交感神經
https://www.ihealth.com.tw/article/%E8%87%AA%E5%BE%8B%E7%A5%9E%E7%B6%93%E5%A4%B1%E8%AA%BF/,自律神經失調兩大原因，學習呼吸方法改善| iHealth,正常來說，交感神經及副交感神經能相互搭配使身體穩定平衡、維持正常的生理運作。
https://www.ihealth.com.tw/article/%E8%87%AA%E5%BE%8B%E7%A5%9E%E7%B6%93%E5%A4%B1%E8%AA%BF/,自律神經失調兩大原因，學習呼吸方法改善| iHealth,現代人大多生活步調快、工作壓力大，種種過度的外在刺激就容易導致交感神經過度亢奮。
https://www.ihealth.com.tw/article/%E8%87%AA%E5%BE%8B%E7%A5%9E%E7%B6%93%E5%A4%B1%E8%AA%BF/,自律神經失調兩大原因，學習呼吸方法改善| iHealth,一旦交感神經過度亢奮，會出現焦慮、失眠、頭痛、耳鳴、口乾、呼吁困難、胸悶、腹脹、腹瀉、便秘、頻尿、肌肉痠痛、疲勞等生理現象。
https://www.edh.tw/article/13829,自律神經失調症狀有哪些？自律神經失調治療對了 ... - 早安健康,美國國立神經疾病和中風研究院（NationalInstituteofNeurologicalDisordersandStroke）指出，交感神經異常導致的廣泛性自律神經失調，特徵包括男性陽痿不育，以及姿態性低血壓（orthostatichypotension)），而交感神經過度活躍則能導致高血壓、心跳過快等問題。
https://drguo.pixnet.net/blog/post/197726378,《健康新知》自律神經的作用@ Dr.Guo - 郭育祥診所 - 痞客邦,自律神經由「交感神經」和「副交感神經」所組成。
https://drguo.pixnet.net/blog/post/197726378,《健康新知》自律神經的作用@ Dr.Guo - 郭育祥診所 - 痞客邦,交感神經以胸椎與腰椎為中心，副交感神經以延腦及薦椎為中心，兩者皆主要作用於眼睛、口腔、心臟、肺臟、肝臟、胃、腸、胰臟、膀胱、生殖器等各身體器官，基本上每個器官均同時分布著交感神經與副交感神經，但有原則就有例外，像汗腺、皮膚、肌肉之血管就只有交感神經，而沒有副交感神經。
https://drguo.pixnet.net/blog/post/197726378,《健康新知》自律神經的作用@ Dr.Guo - 郭育祥診所 - 痞客邦,交感神經與副交感神經的協調方式，分成拉鋸對立的「拮抗作用」，及互相合作的「協同作用」兩種。
https://drguo.pixnet.net/blog/post/197726378,《健康新知》自律神經的作用@ Dr.Guo - 郭育祥診所 - 痞客邦,其中，拮抗作用出現的比例偏高，也就是交感與副交感神經兩者的作用通常是相反的，舉例來說，交感神經負責抑制唾液分泌，而副交感神經則負責促進唾液分泌。
https://drguo.pixnet.net/blog/post/197726378,《健康新知》自律神經的作用@ Dr.Guo - 郭育祥診所 - 痞客邦,值得注意的是，交感神經與副交感神經之間的活動關係與強度，並不是恆定不變的，會隨著外界變化，而時時刻刻變動，且互有消長，有時候是交感神經活性強一點，有時候是副交感神經活性強一點。
https://drguo.pixnet.net/blog/post/197726378,《健康新知》自律神經的作用@ Dr.Guo - 郭育祥診所 - 痞客邦,例如激烈運動時，心跳會加速，這是因為運動中肌肉消耗了大量的氧氣，這時自律神經中的交感神經會比較活絡，好促使心跳加速，讓身體肌肉獲得足夠的氧氣；又如填飽肚子後，自律神經中的副交感神經作用會更勝交感神經，這樣才能促進消化液的分泌，讓腸胃得以好好吸收消化，有助身體更有效率地攝取養分。
https://drguo.pixnet.net/blog/post/197726378,《健康新知》自律神經的作用@ Dr.Guo - 郭育祥診所 - 痞客邦,交感神經
https://drguo.pixnet.net/blog/post/197726378,《健康新知》自律神經的作用@ Dr.Guo - 郭育祥診所 - 痞客邦,副交感神經
https://health.udn.com/health/story/6008/4264771,自律神經可以被鍛鍊？！醫科教授教你「走路333」增強抵抗力 ...,如果站在腦疲勞的角度來看，自律神經既然變得不需要做事，那就不再需要使用交感神經，這麼一來腦不是會變得更輕鬆嗎？這麼想可就大錯特錯了。
https://health.udn.com/health/story/6008/4264771,自律神經可以被鍛鍊？！醫科教授教你「走路333」增強抵抗力 ...,各位必須要注意，壓力引起的交感神經興奮或活化，與日常生活中交感神經占優勢的情況是截然不同的。
https://health.udn.com/health/story/6008/4264771,自律神經可以被鍛鍊？！醫科教授教你「走路333」增強抵抗力 ...,運動時變得興奮的交感神經會一子就得到緩解，變成副交感神經占優勢。
https://health.udn.com/health/story/6008/4264771,自律神經可以被鍛鍊？！醫科教授教你「走路333」增強抵抗力 ...,最後，交感神經興奮的狀態會一直持續下去，副交感神經因此無法占優勢。
https://health.udn.com/health/story/6008/4264771,自律神經可以被鍛鍊？！醫科教授教你「走路333」增強抵抗力 ...,由於交感神經一直處於高亢的狀態，腦會因此突然變得很疲勞。
https://health.udn.com/health/story/6008/4264771,自律神經可以被鍛鍊？！醫科教授教你「走路333」增強抵抗力 ...,並不是說交感神經占優勢，就代表副交感神經停止運作。
https://health.udn.com/health/story/6008/4264771,自律神經可以被鍛鍊？！醫科教授教你「走路333」增強抵抗力 ...,雖然吃飯的時候是副交感神經占優勢，但交感神經也在運作。
https://health.udn.com/health/story/6008/4264771,自律神經可以被鍛鍊？！醫科教授教你「走路333」增強抵抗力 ...,細嚼慢嚥、品嘗食物時是副交感神經占優勢，咀嚼運動時則是交感神經占優勢。
https://health.udn.com/health/story/6008/4264771,自律神經可以被鍛鍊？！醫科教授教你「走路333」增強抵抗力 ...,但如果這個時候一邊看電視或報紙，一邊吃飯，交感神經就會興奮，而2個神經之間微妙的平衡就會被打破，最後會妨礙原本的目的：吃飯。
https://health.udn.com/health/story/6008/4264771,自律神經可以被鍛鍊？！醫科教授教你「走路333」增強抵抗力 ...,因此，我們吃飯的時候，要盡量細嚼慢嚥，並一邊和家人或朋友聊開心的事情，享受副交感神經占優勢的用餐時光。
https://health.udn.com/health/story/6008/4264771,自律神經可以被鍛鍊？！醫科教授教你「走路333」增強抵抗力 ...,以下是會使交感神經興奮的代表食物。
https://health.udn.com/health/story/6008/4264771,自律神經可以被鍛鍊？！醫科教授教你「走路333」增強抵抗力 ...,咖哩裡的辣椒素會刺激交感神經泡菜裡也有很多辣椒素檸檬也是廣為人知的交感神經興奮劑咖啡的咖啡因會使交感神經興奮碳酸飲料的氣泡感會刺激交感神經3.穿得薄一點自律神經會根據我們外部的溫度變化調節體溫。
https://health.udn.com/health/story/6008/4264771,自律神經可以被鍛鍊？！醫科教授教你「走路333」增強抵抗力 ...,如果天氣變冷，交感神經就會占優勢，自律神經會被刺激而提高體溫。
https://health.udn.com/health/story/6008/4264771,自律神經可以被鍛鍊？！醫科教授教你「走路333」增強抵抗力 ...,4.泡10分鐘的半身浴如果泡41度的熱水，交感神經會因為熱氣而變得興奮。
https://health.udn.com/health/story/6008/4264771,自律神經可以被鍛鍊？！醫科教授教你「走路333」增強抵抗力 ...,如果有意識地舒展身體久一點，就會刺激到交感神經，達到鍛鍊的效果。
https://health.udn.com/health/story/6008/4264771,自律神經可以被鍛鍊？！醫科教授教你「走路333」增強抵抗力 ...,自律神經副交感神經有氧運動良醫健康網不須道聽途說，由醫師們推薦出來的好醫師，是民眾最渴求的資訊。
https://eurekatech.com.tw/healthy_section/ansintroduce/,自律神經簡介– Eureka 舒壓儀,自律神經又分成:交感神經、副交感神經、腸系膜神經。
https://eurekatech.com.tw/healthy_section/ansintroduce/,自律神經簡介– Eureka 舒壓儀,交感神經與副交感神經都是由腦幹傳出的嗎?
https://eurekatech.com.tw/healthy_section/ansintroduce/,自律神經簡介– Eureka 舒壓儀,交感神經的節前神經元，起源自第一胸段脊髓(T1)至第二腰段脊髓(L2)，故稱Thoracolumbar(胸腰起源)。
https://eurekatech.com.tw/healthy_section/ansintroduce/,自律神經簡介– Eureka 舒壓儀,節前神經元有些需要經過交感神經鍊上的突觸(synapse)與節後神經元連結；有些節前神經元會往上或往下延伸再藉由synapse與節後神經元連結；另外有一類節前神經元不經由交感神經鍊，而是經由側枝神經節(collateralganglia)與節後神經元形成synapse。
https://eurekatech.com.tw/healthy_section/ansintroduce/,自律神經簡介– Eureka 舒壓儀,交感神經的傳遞模式是屬於一對多(neuronaldivergence)，目前知道一個節前神經元可以對應約20個節後神經元。
https://eurekatech.com.tw/healthy_section/ansintroduce/,自律神經簡介– Eureka 舒壓儀,因此中樞的訊號經過交感神經之後會被擴散，傳給許多器官。
https://eurekatech.com.tw/healthy_section/ansintroduce/,自律神經簡介– Eureka 舒壓儀,副交感神經的節前神經元起自腦幹的第3、7、9、10等四對腦神經核和第2、3、4薦段脊髓，故為Craniosacral(顱薦起源)。
https://eurekatech.com.tw/healthy_section/ansintroduce/,自律神經簡介– Eureka 舒壓儀,副交感神經的傳遞模式也是屬於一對多(neuronaldivergence)，目前知道一個節前神經元可以對應約4個節後神經元，這個數目比交感神經要少了許多。
https://eurekatech.com.tw/healthy_section/ansintroduce/,自律神經簡介– Eureka 舒壓儀,所以，副交感神經的訊號傳遞比交感神經更加具有特異性。
https://eurekatech.com.tw/healthy_section/ansintroduce/,自律神經簡介– Eureka 舒壓儀,交感神經與副交感神經作用比較表http://eurekatech.com.tw/wp-content/uploads/交感與副交感作用比較表.jpg
https://eurekatech.com.tw/healthy_section/ansintroduce/,自律神經簡介– Eureka 舒壓儀,交感神經分布幾乎遍及心臟，支配心臟的傳導系統與收縮系統。
https://eurekatech.com.tw/healthy_section/ansintroduce/,自律神經簡介– Eureka 舒壓儀,副交感神經(迷走神經)主要支配竇房結(SAN)及房室結(AVN)的傳導系統。
https://eurekatech.com.tw/healthy_section/ansintroduce/,自律神經簡介– Eureka 舒壓儀,交感神經興奮能引起心跳變快、血管收縮、血壓上升。
https://eurekatech.com.tw/healthy_section/ansintroduce/,自律神經簡介– Eureka 舒壓儀,副交感神經興奮則會造成心跳變慢。
https://eurekatech.com.tw/healthy_section/ansintroduce/,自律神經簡介– Eureka 舒壓儀,交感神經分泌正腎上腺素；副交感神經分泌乙醯膽鹼。
https://eurekatech.com.tw/healthy_section/ansintroduce/,自律神經簡介– Eureka 舒壓儀,因此，交感神經與副交感神經在心臟上面的接受器也不同，進一步的生理反應當然也會不同。
https://scitechvista.nat.gov.tw/c/sWg2.htm,人體循環系統的神經性調控－科技大觀園,交感神經興奮能引發心跳變快、血壓上升，是「急驚風」系統；副交感神經興奮則使心跳變慢，是「慢郎中」系統。
https://scitechvista.nat.gov.tw/c/sWg2.htm,人體循環系統的神經性調控－科技大觀園,長期交感神經興奮會引發高血壓，對健康有害無益，而規律運動可使心跳變緩，對身體有好處。
https://scitechvista.nat.gov.tw/c/sWg2.htm,人體循環系統的神經性調控－科技大觀園,自主神經系統由交感神經與副交感神經共同組成，大部分的器官受到兩者的共同支配。
https://scitechvista.nat.gov.tw/c/sWg2.htm,人體循環系統的神經性調控－科技大觀園,例如在人體循環系統的心臟部分，交感神經分布幾乎遍及心臟，支配著傳導系統與收縮系統，因此交感神經的興奮或抑制對於心跳及心收縮力都有顯著的影響。
https://scitechvista.nat.gov.tw/c/sWg2.htm,人體循環系統的神經性調控－科技大觀園,而副交感神經（迷走神經）主要支配竇房結及房室結的傳導系統，它的興奮或抑制對於心跳的作用較大，即使迷走神經也支配心室肌，但對於心室的收縮力並無顯著的生理作用。
https://scitechvista.nat.gov.tw/c/sWg2.htm,人體循環系統的神經性調控－科技大觀園,在血管方面，除了少數的特殊支配外，大部分由交感神經支配。
https://scitechvista.nat.gov.tw/c/sWg2.htm,人體循環系統的神經性調控－科技大觀園,由於缺乏副交感神經的分布，大部分血管的神經性收縮及舒張是由交感神經的興奮或抑制所影響。
https://scitechvista.nat.gov.tw/c/sWg2.htm,人體循環系統的神經性調控－科技大觀園,交感神經興奮能引發心跳變快、血管收縮、周邊阻力及血壓上升，是「急驚風」系統；副交感（迷走）神經興奮則使心跳變慢，是「慢郎中」系統。
https://scitechvista.nat.gov.tw/c/sWg2.htm,人體循環系統的神經性調控－科技大觀園,這三者的交感神經優勢以鼠最高，人次之，而龜最少，副交感神經優勢的順序依次是龜、人及鼠，看起來「急與慢」和壽命的長短似乎有若干關聯。
https://scitechvista.nat.gov.tw/c/sWg2.htm,人體循環系統的神經性調控－科技大觀園,長期交感神經興奮會引發高血壓，對健康有害無益，而規律運動可使心跳變緩，對身體有好處。
https://scitechvista.nat.gov.tw/c/sWg2.htm,人體循環系統的神經性調控－科技大觀園,有些動物（如貓等）的骨骼肌血管及皮膚血管除了受到交感腎上腺素性的支配外，尚有交感膽胺性神經支配，也就是交感神經末梢的作用物質是乙醯膽胺而不是無甲基腎上腺素。
https://scitechvista.nat.gov.tw/c/sWg2.htm,人體循環系統的神經性調控－科技大觀園,副交感神經也支配若干器官的血管，如唾液腺、胃腸道分泌腺、軟腦膜、冠狀血管、外生殖器等，除了外生殖器外，上述器官雖然受副交感神經的支配，但副交感神經對血管張力的管制作用並無多大的生理意義。
https://scitechvista.nat.gov.tw/c/sWg2.htm,人體循環系統的神經性調控－科技大觀園,脊髓胸腰部位的中側角是交感神經的節前神經原所在部位，在正常情況下，這機構極度依賴延腦交感機構的興奮性推動，因此切斷延腦及脊髓交界處後心跳及血壓會顯著下降。
https://scitechvista.nat.gov.tw/c/sWg2.htm,人體循環系統的神經性調控－科技大觀園,傳入神經放電頻率上升的結果，使得迷走神經放電也上升，而心臟及血管交感神經放電降低（抑制交感神經，興奮副交感神經），產生血管舒張、動脈壓下降及心跳變慢，這一反射作用可以緩和上升的動脈壓。
https://scitechvista.nat.gov.tw/c/sWg2.htm,人體循環系統的神經性調控－科技大觀園,另一方面，當動脈壓下降，竇神經放電減少，傳達中樞之後，引起迷走神經放電降低，而交感神經放電增加（抑制副交感神經，興奮交感神經），導致血管收縮、動脈壓上升及心跳變快，可以提升降低的動脈壓。
https://scitechvista.nat.gov.tw/c/sWg2.htm,人體循環系統的神經性調控－科技大觀園,但感壓及化學接受器則在同一神經上分別占有不同的傳入纖維，而且刺激化學接受器（主要是缺氧刺激）產生交感與迷走神經機構興奮，造成血壓上升及心跳變慢；而刺激感壓接受器（升高局部壓力，參見前述）則抑制交感神經而興奮迷走神經，造成血壓及心跳下降。
https://www.linguee.com/chinese-english/translation/%E4%BA%A4%E6%84%9F%E7%A5%9E%E7%B6%93.html,交感神經- English translation – Linguee,交感神經-Englishtranslation–Linguee
https://www.linguee.com/chinese-english/translation/%E4%BA%A4%E6%84%9F%E7%A5%9E%E7%B6%93.html,交感神經- English translation – Linguee,"Suggestasatranslationof""交感神經"""
https://www.linguee.com/chinese-english/translation/%E4%BA%A4%E6%84%9F%E7%A5%9E%E7%B6%93.html,交感神經- English translation – Linguee,前列腺的肌肉會受甲型交感神經的刺激而收縮，令肌肉附近的尿道收窄。
https://www.linguee.com/chinese-english/translation/%E4%BA%A4%E6%84%9F%E7%A5%9E%E7%B6%93.html,交感神經- English translation – Linguee,"甲型交感神經接受體阻斷劑(特拉唑及多沙唑較)Alpha-blocker(terazosin,Cardura)：令前列腺肌肉和膀胱放鬆，改善尿流量，減低膀胱排尿的障礙。"
https://www.linguee.com/chinese-english/translation/%E4%BA%A4%E6%84%9F%E7%A5%9E%E7%B6%93.html,交感神經- English translation – Linguee,副交感神經拮抗劑(如Ipratropium、Tiotropium等)的副作用有不好的味道、皮膚潮紅，視力模糊、口乾、小便困難及青光眼等。
https://www.linguee.com/chinese-english/translation/%E4%BA%A4%E6%84%9F%E7%A5%9E%E7%B6%93.html,交感神經- English translation – Linguee,負離子作用於副交感神經，調整血壓使其正常、促使肌肉放鬆、胃腸蠕動正常。
http://www.wegene.com.tw/nerve-1.html,自律神經介紹 - WEGENE-威今基因科技|自律神經專家，就從心 ...,自律神經由交感(Sympathetic)與副交感神經(Parasympathetic)組成，兩者互相保持平衡，以維持人體內臟機能的恆定狀態。
http://www.wegene.com.tw/nerve-1.html,自律神經介紹 - WEGENE-威今基因科技|自律神經專家，就從心 ...,交感神經又稱為「活動神經」，當我們在日間工作或活動時，有增加心跳與提升血壓的功能，使個人精神緊張並活動起來。
http://www.wegene.com.tw/nerve-1.html,自律神經介紹 - WEGENE-威今基因科技|自律神經專家，就從心 ...,副交感神經又稱為「休息神經」，作用為放鬆內臟與器官活動，夜間休息時發生作用。
http://www.wegene.com.tw/nerve-1.html,自律神經介紹 - WEGENE-威今基因科技|自律神經專家，就從心 ...,自律神經的分布由始於下視丘到薦椎(自律神經分布圖所示)，頭尾部分主要為副交感神經所分布，中間為交感神經分布，共同掌控身體內部的器官及腺體運作。
http://www.wegene.com.tw/nerve-1.html,自律神經介紹 - WEGENE-威今基因科技|自律神經專家，就從心 ...,自律神經執行的工作由大腦皮層經下視丘下達命令，控制交感、副交感神經的調控作用，故情感與外界環境的變化深深影響自律神經的反應，大多數的調控機制為交感、副交感互相拮抗，但也有部分僅為單一方面影響(交感及副交感神經系統作用比較表所示)。
https://www.wholesomeship.com/health_detail.asp?nid=13,失眠、胸悶、心悸、呼吸不順...小心！自律神經失調找上你 ...,你是否有經歷過突發性的胸悶、心悸、呼吸不順、半夜失眠、睡不著覺，亦或者是突然覺得緊張、緊繃、做什麼事都不舒服等......，小心自律神經失調找上你噢！什麼是自律神經？自律神經系統，支配著人體的大部分器官，又可分為交感神經與非交感神經。
https://www.wholesomeship.com/health_detail.asp?nid=13,失眠、胸悶、心悸、呼吸不順...小心！自律神經失調找上你 ...,在這個系統中，交感神經負責讓人保持專注；副交感神經則讓人放鬆。
https://www.wholesomeship.com/health_detail.asp?nid=13,失眠、胸悶、心悸、呼吸不順...小心！自律神經失調找上你 ...,因此當交感神經作動時，可以讓我們保持在戰鬥狀態，能夠更專注處理眼前的事情；而副交感神經作動時，則可以讓人感到放鬆，藉以休息補充面對下一場戰鬥的體力。
https://www.wholesomeship.com/health_detail.asp?nid=13,失眠、胸悶、心悸、呼吸不順...小心！自律神經失調找上你 ...,但由於現代社會的高度壓力，我們的交感神經長期處於作動的狀態，身體得不到充分的休息，過度緊繃而引發心悸、腹瀉、胃部痙攣等自律神經失調症狀，嚴重者甚至可能導致失眠、全身痠痛等，影響生活之大，不可不慎。
https://www.wholesomeship.com/health_detail.asp?nid=13,失眠、胸悶、心悸、呼吸不順...小心！自律神經失調找上你 ...,面對自律神經失調，我應該選擇看診嗎？事實上，現代高壓的生活，人的交感神經長時間處於作動模式、沒有休息是很常見的事情，因此每個人或多或少都會有自律神經失調的困擾，差別只在於是否影響日常生活罷了。
https://yoursclinic.com.tw/%E7%8F%BE%E4%BB%A3%E6%96%87%E6%98%8E%E7%97%85%EF%BC%81%EF%BD%9E%E8%AB%87%E8%87%AA%E5%BE%8B%E7%A5%9E%E7%B6%93/,現代文明病！～談自律神經- 鈺璽診所,自律神經系統包含交感神經與副交感神經，交感神經負責激發、緊張、防衛，而副交感神經則負責修養、回復、消化與吸收，因此交感神經就好比是油門，副交感神經則是煞車，為了讓我們每天的活動能夠順利執行，交感神經及副交感神經會不斷地協調工作，使身體維持穩定的狀態。
https://yoursclinic.com.tw/%E7%8F%BE%E4%BB%A3%E6%96%87%E6%98%8E%E7%97%85%EF%BC%81%EF%BD%9E%E8%AB%87%E8%87%AA%E5%BE%8B%E7%A5%9E%E7%B6%93/,現代文明病！～談自律神經- 鈺璽診所,因此當我們處在壓力狀態時，為了因應外在的刺激，交感神經會被激發，加速心臟的跳動與增加肺活量，提高體溫、讓血液流到肌肉系統中全面進入警戒狀態，當壓力減除後，就會由副交感神經接手，協助身體恢復恆定與休息。
https://yoursclinic.com.tw/%E7%8F%BE%E4%BB%A3%E6%96%87%E6%98%8E%E7%97%85%EF%BC%81%EF%BD%9E%E8%AB%87%E8%87%AA%E5%BE%8B%E7%A5%9E%E7%B6%93/,現代文明病！～談自律神經- 鈺璽診所,如果一直處於慢性壓力(毒性壓力)的狀態，交感神經便會持續處於過度興奮狀態，長久累積就會出現交感神經過度激發的現象；同時副交感神經也可能因此而出現全面衰退的狀況，而導致交感與副交感無法順利協同運作，自律神經失調的現象就發生了。
http://www.mmh.org.tw/taitam/air/index4_1_edu%20(15).html,β型交感神經興奮劑 - 馬偕紀念醫院,【β型交感神經興奮劑】
http://www.mmh.org.tw/taitam/air/index4_1_edu%20(15).html,β型交感神經興奮劑 - 馬偕紀念醫院,此交感神經興奮劑的主要作用乃與β２交感神經接受體結合後，會造成呼吸道平滑肌的鬆弛並影響肥胖細胞及嗜鹼性白血球的介質釋出，但當其作用β１交感神經接受體時則會造成對心臟血管的副作用。
http://www.mmh.org.tw/taitam/air/index4_1_edu%20(15).html,β型交感神經興奮劑 - 馬偕紀念醫院,故此藥劑之選用以具備有高選擇性β２交感神經興奮作用者為佳。
http://www.mmh.org.tw/taitam/air/index4_1_edu%20(15).html,β型交感神經興奮劑 - 馬偕紀念醫院,1.Epinephrine:同時具備有α，β１及β２型交感神經興奮劑的作用。
http://www.mmh.org.tw/taitam/air/index4_1_edu%20(15).html,β型交感神經興奮劑 - 馬偕紀念醫院,2.Isoproterenol:為作用最短的非選擇性β型交感神經興奮劑，因其易造成藥物耐受性且具備明顯的β１交感神經作用易造成對心臟的毒性副作用。
http://www.mmh.org.tw/taitam/air/index4_1_edu%20(15).html,β型交感神經興奮劑 - 馬偕紀念醫院,3.高選擇性β２交感神經興奮劑（Fenoterol、Terbutaline、Salbutamol、Procaterol、Hexoprenaline等）:為目前臨床上最常使用的藥物，其對心臟的副作用較少，而其作用時間較長。
http://www.mmh.org.tw/taitam/air/index4_1_edu%20(15).html,β型交感神經興奮劑 - 馬偕紀念醫院,4.新的長效型Beta2交感神經興奮劑(Salmeterol和Formoterol):其中Salmeterol噴霧使用其作用時間可長達十二小時以上，但因其發揮作用的起始時間較慢，不建議使用於氣喘病急性發作之時。
http://www.mmh.org.tw/taitam/air/index4_1_edu%20(15).html,β型交感神經興奮劑 - 馬偕紀念醫院,長效型Beta2交感神經興奮劑的使用對於運動誘發型氣喘病與夜間氣喘的防治特別有用。
http://www.mmh.org.tw/taitam/air/index4_1_edu%20(15).html,β型交感神經興奮劑 - 馬偕紀念醫院,通常長效型Beta2交感神經興奮劑(Salmeterol和Formoterol)可當作控制藥物，暫時與吸入型類固醇合併使用於單獨使用吸入型類固醇療效不佳(尤其有明顯夜間症狀者)的氣喘病人。
http://www.mmh.org.tw/taitam/air/index4_1_edu%20(15).html,β型交感神經興奮劑 - 馬偕紀念醫院,當病兒持續每天只使用β２交感神經興奮劑長達兩個禮拜以上後，會使病兒感受並自行調節其血液內氧氣、二氧化碳、及酸鹼度的能力降低；會減少其保護支氣管受刺激收縮的能力；且當停止使用後會引起反彈性氣道支氣管的敏感度增加，故我們並不建議每天規則性使用β２交感神經興奮劑，而只能於必要時才使用。
http://www.mmh.org.tw/taitam/air/index4_1_edu%20(15).html,β型交感神經興奮劑 - 馬偕紀念醫院,當病兒需要每個禮拜使用一到三次以上的β２交感神經興奮劑時，應該儘速與小兒過敏免疫學專科醫師約診，以找出其造成氣喘病持續發作的原因加以避免之，並於必要時調整其抗過敏性發炎藥物的使用。
http://www.mmh.org.tw/taitam/air/index4_1_edu%20(15).html,β型交感神經興奮劑 - 馬偕紀念醫院,β２交感神經興奮劑的副作用包括肌肉震顫，心悸，心跳加速，和罕見的心律不整。
http://www.mmh.org.tw/taitam/air/index4_1_edu%20(15).html,β型交感神經興奮劑 - 馬偕紀念醫院,目前用於解除氣喘病的急性發作症狀之最佳選擇藥物為噴霧使用的β２交感神經興奮劑。
http://www.mmh.org.tw/taitam/air/index4_1_edu%20(15).html,β型交感神經興奮劑 - 馬偕紀念醫院,注射投與的藥劑則使用於對噴霧式β２交感神經興奮劑的反應不良者。
